Date,Short URL,Long URL,Filename,GPSLatitude,GPSLongitude,SHA256
"Thu, 2 Aug 2018 10:51:43 +0000",https://goo.gl/4TGsJs,N/A,N/A,N/A,N/A,N/A
"Thu, 2 Aug 2018 11:23:36 +0000",http://bitly.kr/jUa8,http://fl0ckfl0ck.info/11.jpg,11.jpg,N/A,N/A,8f35c23427a696a3534b70e5d7c1352a404583309b7c341322b6a163258a5039
"Fri, 3 Aug 2018 14:34:01 +0000",https://bit.ly/2OAwQWR,http://fl0ckfl0ck.info/druwa.jpg,druwa.jpg,37.49848938888889,127.01871491666667,be162f7530a3ae4cf0be95cee4d43bae2b140779ac82b4113b8637ba0383c1bf
"Sat, 4 Aug 2018 06:13:46 +0000",https://bit.ly/2MiFMhY,http://fl0ckfl0ck.info/jul.jpg,jul.jpg,36.66294097222222,126.62258911111111,0d4e5fdbe6cab9c6f3a6e0f2ed95b74a560188795bb4eae4cbc6e31321f26c7a
"Sat, 4 Aug 2018 10:47:36 +0000",http://bitly.kr/huvm,http://fl0ckfl0ck.info/ga.jpg,ga.jpg,37.52779008333333,126.90460966666667,0f43466cc345f2f93610eda7be5e2c5d0cf51ab382ea6d93ae0d33455e60bd83
"Sat, 4 Aug 2018 11:24:24 +0000",http://bitly.kr/nZXE,http://fl0ckfl0ck.info/%EB%A7%9B%EC%9E%88%EC%96%B4.jpg,맛있어.jpg,37.51306152777778,127.05864716666666,1f2ef97cac44d58788c8204ee130184b4421e6edba99e7813c52815c20253be6
"Sun, 5 Aug 2018 13:50:00 +0000",https://hoy.kr/SvCC,http://fl0ckfl0ck.info/%E1%84%88%E1%85%A9%E1%84%88%E1%85%B5.jpg,뽀삐.jpg,N/A,N/A,dd28670e11ac75794f70885bf9e64ea8b94b43fb815ec89e8400dfeffa11fee9
"Sun, 5 Aug 2018 13:50:58 +0000",https://hoy.kr/N6DB,http://fl0ckfl0ck.info/%E7%A7%81%E3%81%AF%E4%BA%BA%E9%96%93%E3%81%AE%E5%B1%91%E3%81%A6%E3%82%99%E3%81%99.jpg,私は人間の屑です.jpg,N/A,N/A,1efbe3403ead3fa4149152075bdc250a8a5e18dd3a453082b98855247656cdf9
"Fri, 10 Aug 2018 07:53:54 +0000",https://hoy.kr/VCei,http://fl0ckfl0ck.info/%E1%84%8C%E1%85%A6bal.jpg,제bal.jpg,37.46018983333334,126.44069672222223,799e2e6a029322566fddb49b24a305b86f95f1b973a482c0be312e8c54dfc959
"Fri, 10 Aug 2018 07:54:36 +0000",https://hoy.kr/RrN5,http://fl0ckfl0ck.info/gagisil%ED%83%80.jpg,gagisil타.jpg,37.46018983333334,126.44069672222223,dc6d4df6798f8189f356872b28667a8875dcb6db5b5cbd171cf4e44d2e637393
"Sat, 11 Aug 2018 02:26:19 +0000",https://hoy.kr/sDB3,http://fl0ckfl0ck.info/dirty%20and%20rainy.jpg,dirty and rainy.jpg,14.578697194444445,120.97619627777777,61650d067ddf8f80b6e706d75e77becdb4f1aaf6e5ce4fdd8230b42b9b65ccf1
